,pm25_mean,share_light,share_moderate,share_heavy,cust_out_peak,event_any
pm25_mean,1.000000,-0.163617,,0.360042,-0.180016,-0.258995
share_light,-0.163617,1.000000,,-0.354476,0.146323,0.501293
share_moderate,,,,,,
share_heavy,0.360042,-0.354476,,1.000000,-0.251844,-0.362035
cust_out_peak,-0.180016,0.146323,,-0.251844,1.000000,0.695636
event_any,-0.258995,0.501293,,-0.362035,0.695636,1.000000
