,count,mean,std,min,25%,50%,75%,max
pm25_mean,21.0,29.962428467876038,37.091909058557704,2.2868055000000003,7.3895835000000005,18.46979175,34.902916700000006,141.452083375
share_light,21.0,0.45993251206622526,0.311603957855015,0.0,0.28896345610502294,0.3730356531648619,0.5068321462087539,1.0
share_moderate,21.0,0.0,0.0,0.0,0.0,0.0,0.0,0.0
share_heavy,21.0,0.13999113275303185,0.16175940109047435,0.0,0.0,0.0,0.25406515982344546,0.5
cust_out_peak,21.0,74.52380952380952,268.8954479063599,0.0,0.0,0.0,0.0,1200.0
cust_out_sum,21.0,74.52380952380952,268.8954479063599,0.0,0.0,0.0,0.0,1200.0
total_customers,21.0,766666.6666666666,1111005.5505411904,0.0,0.0,0.0,2300000.0,2300000.0
event_any,21.0,0.14285714285714285,0.35856858280031806,0.0,0.0,0.0,0.0,1.0
